{"detected": true, "pred": {"angry": 0.09063719, "confident": 6.128044e-05, "confused": 0.0015910687, "contempt": 0.00021538053, "crying": 0.037988827, "disgust": 0.024931524, "fear": 0.5583662, "happy": 0.00010100354, "neutral": 0.008915402, "sad": 0.27452672, "shy": 0.00018602799, "sleepy": 0.00038713368, "surprised": 0.0020922753}}